nom_syndrome,nom_latin,nom_chinois,score_role
"abcès chroniques, abcès",Angelica sinensis,当归,10
absence de spermatozoïdes,Cordyceps sinensis,冬虫夏草,10
absence de transpiration,Astragalus membranaceus,黄芪,20
absence de transpiration,Atractylodes macrocephala,白术,14
absence de transpiration,Ziziphus jujuba,酸枣仁,11
absence de transpiration,Panax ginseng,人参,10
absence de transpiration,Glycyrrhiza uralensis,甘草,9
absence de transpiration,Angelica sinensis,当归,7
absence de transpiration,Dimocarpus longan,龙眼肉,4
absence de transpiration,Polygala tenuifolia,远志,4
absence de transpiration,Poria cocos,茯苓,4
absence de transpiration,Aucklandia lappa,木香,2
accumulation d’humidité Bas du Corps à partir des hanches,Paeonia suffruticosa,牡丹皮,10
accumulation d’humidité Bas du Corps à partir des hanches,Atractylodes macrocephala,白术,7
accumulation d’humidité Bas du Corps à partir des hanches,Coix lacryma-jobi,薏苡仁,4
accumulation d’humidité Bas du Corps à partir des hanches,Achyranthes bidentata,牛膝,2
acidités,Illicium verum,八角茴香,10
acidités,Angelica sinensis,当归,7
acidités,Carthamus tinctorius,红花,7
acidités,Salvia miltiorrhiza,丹参,7
affaiblissement des lombes et des genoux,Cordyceps sinensis,冬虫夏草,10
affaiblissement des lombes et des genoux,Eucommia ulmoides,杜仲,10
affaiblissement des lombes et des genoux,Achyranthes bidentata,牛膝,7
affaiblissement des lombes et des genoux,Atractylodes macrocephala,白术,7
affaiblissement des lombes et des genoux,Angelica sinensis,当归,4
affaiblissement des lombes et des genoux,Cinnamomum cassia,肉桂,4
affaiblissement des lombes et des genoux,Ligusticum wallichii,川芎,4
affaiblissement des lombes et des genoux,Paeonia lactiflora,白芍,4
affaiblissement des lombes et des genoux,Panax ginseng,人参,4
affaiblissement des lombes et des genoux,Poria cocos,茯苓,4
affaiblissement des lombes et des genoux,Glycyrrhiza uralensis,甘草,2
allaitement,Angelica sinensis,当归,20
allaitement,Paeonia lactiflora,白芍,11
allaitement,Panax ginseng,人参,10
allaitement,Ligusticum wallichii,川芎,8
allaitement,Atractylodes macrocephala,白术,7
allaitement,Poria cocos,茯苓,7
allaitement,Glycyrrhiza uralensis,甘草,2
allergie cutanée,Angelica sinensis,当归,10
amnésies,Astragalus membranaceus,黄芪,10
amnésies,Forsythia suspensa,连翘,10
amnésies,Panax ginseng,人参,10
amnésies,Angelica sinensis,当归,7
amnésies,Atractylodes macrocephala,白术,7
amnésies,Glycyrrhiza uralensis,甘草,7
amnésies,Schisandra chinensis,五味子,7
amnésies,Dimocarpus longan,龙眼肉,4
amnésies,Polygala tenuifolia,远志,4
amnésies,Poria cocos,茯苓,4
amnésies,Ziziphus jujuba,酸枣仁,4
amnésies,Aucklandia lappa,木香,2
aménorrhées,Angelica sinensis,当归,17
aménorrhées,Paeonia lactiflora,白芍,11
aménorrhées,Cinnamomum cassia,肉桂,10
aménorrhées,Lycium chinensis,枸杞子,10
aménorrhées,Morus alba,桑葚,10
aménorrhées,Rehmannia glutinosa,地黄,10
aménorrhées,Carthamus tinctorius,红花,7
aménorrhées,Paeonia suffruticosa,牡丹皮,7
aménorrhées,Ligusticum wallichii,川芎,4
aménorrhées,Ophiopogon japonicus,麦冬,4
aménorrhées,Panax ginseng,人参,4
aménorrhées,Scutellaria baicalensis,黄芩,4
aménorrhées,Glycyrrhiza uralensis,甘草,2
aménorrhées,Laminaria japonica,昆布,2
angine de poitrine,Panax notoginseng,三七,10
angine de poitrine,Salvia miltiorrhiza,丹参,7
angine de poitrine,Paeonia lactiflora,白芍,4
angoisses,Forsythia suspensa,连翘,10
angoisses,Schisandra chinensis,五味子,7
ankylose du cou et des épaules,Eucommia ulmoides,杜仲,10
ankylose du cou et des épaules,Achyranthes bidentata,牛膝,7
ankylose du cou et des épaules,Atractylodes macrocephala,白术,7
ankylose du cou et des épaules,Angelica sinensis,当归,4
ankylose du cou et des épaules,Cinnamomum cassia,肉桂,4
ankylose du cou et des épaules,Ligusticum wallichii,川芎,4
ankylose du cou et des épaules,Paeonia lactiflora,白芍,4
ankylose du cou et des épaules,Panax ginseng,人参,4
ankylose du cou et des épaules,Poria cocos,茯苓,4
ankylose du cou et des épaules,Glycyrrhiza uralensis,甘草,2
anomalies spermatiques,Cordyceps sinensis,冬虫夏草,10
antioxydants,Astragalus membranaceus,黄芪,10
anémie,Angelica sinensis,当归,37
anémie,Panax ginseng,人参,20
anémie,Atractylodes macrocephala,白术,14
anémie,Paeonia lactiflora,白芍,11
anémie,Poria cocos,茯苓,11
anémie,Astragalus membranaceus,黄芪,10
anémie,Glycyrrhiza uralensis,甘草,9
anémie,Ligusticum wallichii,川芎,8
anémie,Dimocarpus longan,龙眼肉,4
anémie,Polygala tenuifolia,远志,4
anémie,Ziziphus jujuba,酸枣仁,4
anémie,Aucklandia lappa,木香,2
apathie,Astragalus membranaceus,黄芪,20
apathie,Panax ginseng,人参,17
apathie,Atractylodes macrocephala,白术,14
apathie,Glycyrrhiza uralensis,甘草,9
apathie,Angelica sinensis,当归,4
apathie,Coptis chinensis,黄连,4
apathie,Poria cocos,茯苓,4
apathie,Bupleurum chinense,柴胡,2
apathie,Zingiber officinale,生姜,2
aphasie,Panax notoginseng,三七,10
aphasie,Salvia miltiorrhiza,丹参,7
aphasie,Paeonia lactiflora,白芍,4
application de chaleur fait du bien,Atractylodes macrocephala,白术,14
application de chaleur fait du bien,Panax ginseng,人参,14
application de chaleur fait du bien,Angelica sinensis,当归,11
application de chaleur fait du bien,Astragalus membranaceus,黄芪,10
application de chaleur fait du bien,Eucommia ulmoides,杜仲,10
application de chaleur fait du bien,Glycyrrhiza uralensis,甘草,9
application de chaleur fait du bien,Poria cocos,茯苓,8
application de chaleur fait du bien,Achyranthes bidentata,牛膝,7
application de chaleur fait du bien,Cinnamomum cassia,肉桂,4
application de chaleur fait du bien,Dimocarpus longan,龙眼肉,4
application de chaleur fait du bien,Ligusticum wallichii,川芎,4
application de chaleur fait du bien,Paeonia lactiflora,白芍,4
application de chaleur fait du bien,Polygala tenuifolia,远志,4
application de chaleur fait du bien,Ziziphus jujuba,酸枣仁,4
application de chaleur fait du bien,Aucklandia lappa,木香,2
arthrite,Atractylodes macrocephala,白术,14
arthrite,Eucommia ulmoides,杜仲,10
arthrite,Paeonia suffruticosa,牡丹皮,10
arthrite,Achyranthes bidentata,牛膝,9
arthrite,Angelica sinensis,当归,4
arthrite,Cinnamomum cassia,肉桂,4
arthrite,Coix lacryma-jobi,薏苡仁,4
arthrite,Ligusticum wallichii,川芎,4
arthrite,Paeonia lactiflora,白芍,4
arthrite,Panax ginseng,人参,4
arthrite,Poria cocos,茯苓,4
arthrite,Glycyrrhiza uralensis,甘草,2
arthrite rhumatoïde chronique,Atractylodes macrocephala,白术,14
arthrite rhumatoïde chronique,Eucommia ulmoides,杜仲,10
arthrite rhumatoïde chronique,Paeonia suffruticosa,牡丹皮,10
arthrite rhumatoïde chronique,Achyranthes bidentata,牛膝,9
arthrite rhumatoïde chronique,Angelica sinensis,当归,4
arthrite rhumatoïde chronique,Cinnamomum cassia,肉桂,4
arthrite rhumatoïde chronique,Coix lacryma-jobi,薏苡仁,4
arthrite rhumatoïde chronique,Ligusticum wallichii,川芎,4
arthrite rhumatoïde chronique,Paeonia lactiflora,白芍,4
arthrite rhumatoïde chronique,Panax ginseng,人参,4
arthrite rhumatoïde chronique,Poria cocos,茯苓,4
arthrite rhumatoïde chronique,Glycyrrhiza uralensis,甘草,2
arthrose,Eucommia ulmoides,杜仲,10
arthrose,Achyranthes bidentata,牛膝,7
arthrose,Atractylodes macrocephala,白术,7
arthrose,Angelica sinensis,当归,4
arthrose,Cinnamomum cassia,肉桂,4
arthrose,Ligusticum wallichii,川芎,4
arthrose,Paeonia lactiflora,白芍,4
arthrose,Panax ginseng,人参,4
arthrose,Poria cocos,茯苓,4
arthrose,Glycyrrhiza uralensis,甘草,2
arthrose des membres inférieurs,Eucommia ulmoides,杜仲,10
arthrose des membres inférieurs,Achyranthes bidentata,牛膝,7
arthrose des membres inférieurs,Atractylodes macrocephala,白术,7
arthrose des membres inférieurs,Angelica sinensis,当归,4
arthrose des membres inférieurs,Cinnamomum cassia,肉桂,4
arthrose des membres inférieurs,Ligusticum wallichii,川芎,4
arthrose des membres inférieurs,Paeonia lactiflora,白芍,4
arthrose des membres inférieurs,Panax ginseng,人参,4
arthrose des membres inférieurs,Poria cocos,茯苓,4
arthrose des membres inférieurs,Glycyrrhiza uralensis,甘草,2
arthrose vertébrale,Eucommia ulmoides,杜仲,10
arthrose vertébrale,Achyranthes bidentata,牛膝,7
arthrose vertébrale,Atractylodes macrocephala,白术,7
arthrose vertébrale,Angelica sinensis,当归,4
arthrose vertébrale,Cinnamomum cassia,肉桂,4
arthrose vertébrale,Ligusticum wallichii,川芎,4
arthrose vertébrale,Paeonia lactiflora,白芍,4
arthrose vertébrale,Panax ginseng,人参,4
arthrose vertébrale,Poria cocos,茯苓,4
arthrose vertébrale,Glycyrrhiza uralensis,甘草,2
artériosclérose,Panax notoginseng,三七,10
artériosclérose,Salvia miltiorrhiza,丹参,7
artériosclérose,Paeonia lactiflora,白芍,4
artériosclérose cérébrale,Panax notoginseng,三七,10
artériosclérose cérébrale,Salvia miltiorrhiza,丹参,7
artériosclérose cérébrale,Paeonia lactiflora,白芍,4
ascites,Paeonia suffruticosa,牡丹皮,10
ascites,Atractylodes macrocephala,白术,7
ascites,Coix lacryma-jobi,薏苡仁,4
ascites,Achyranthes bidentata,牛膝,2
asthénies,Astragalus membranaceus,黄芪,20
asthénies,Panax ginseng,人参,17
asthénies,Atractylodes macrocephala,白术,14
asthénies,Glycyrrhiza uralensis,甘草,9
asthénies,Angelica sinensis,当归,4
asthénies,Coptis chinensis,黄连,4
asthénies,Poria cocos,茯苓,4
asthénies,Bupleurum chinense,柴胡,2
asthénies,Zingiber officinale,生姜,2
asthénies sexuelles,Cordyceps sinensis,冬虫夏草,10
atrophies cérébrales,Angelica sinensis,当归,10
atrophies cérébrales,Forsythia suspensa,连翘,10
atrophies cérébrales,Schisandra chinensis,五味子,7
atrophies des membres,Paeonia suffruticosa,牡丹皮,10
atrophies des membres,Atractylodes macrocephala,白术,7
atrophies des membres,Coix lacryma-jobi,薏苡仁,4
atrophies des membres,Achyranthes bidentata,牛膝,2
atrophies du Poumon (Fei Wei) causées par une chaleur Vide de l’Estomac qui agresse le Yin du Poumon,Ophiopogon japonicus,麦冬,10
atrophies du Poumon (Fei Wei) causées par une chaleur Vide de l’Estomac qui agresse le Yin du Poumon,Scutellaria baicalensis,黄芩,7
atrophies du Poumon (Fei Wei) causées par une chaleur Vide de l’Estomac qui agresse le Yin du Poumon,Panax ginseng,人参,4
atrophies du Poumon (Fei Wei) causées par une chaleur Vide de l’Estomac qui agresse le Yin du Poumon,Dioscorea opposita,山药,2
atrophies du Poumon (Fei Wei) causées par une chaleur Vide de l’Estomac qui agresse le Yin du Poumon,Glycyrrhiza uralensis,甘草,2
atrophies du nerf optique,Angelica sinensis,当归,10
atrophies du nerf optique,Ligusticum wallichii,川芎,4
atrophies du nerf optique,Paeonia lactiflora,白芍,4
attaques de la chaleur humidité pendant l’été,Paeonia suffruticosa,牡丹皮,10
attaques de la chaleur humidité pendant l’été,Atractylodes macrocephala,白术,7
attaques de la chaleur humidité pendant l’été,Coix lacryma-jobi,薏苡仁,4
attaques de la chaleur humidité pendant l’été,Achyranthes bidentata,牛膝,2
atteintes du Vent Froid durant la convalescence et le post-partum,Astragalus membranaceus,黄芪,20
atteintes du Vent Froid durant la convalescence et le post-partum,Atractylodes macrocephala,白术,14
atteintes du Vent Froid durant la convalescence et le post-partum,Ziziphus jujuba,酸枣仁,11
atteintes du Vent Froid durant la convalescence et le post-partum,Panax ginseng,人参,10
atteintes du Vent Froid durant la convalescence et le post-partum,Glycyrrhiza uralensis,甘草,9
atteintes du Vent Froid durant la convalescence et le post-partum,Angelica sinensis,当归,7
atteintes du Vent Froid durant la convalescence et le post-partum,Dimocarpus longan,龙眼肉,4
atteintes du Vent Froid durant la convalescence et le post-partum,Polygala tenuifolia,远志,4
atteintes du Vent Froid durant la convalescence et le post-partum,Poria cocos,茯苓,4
atteintes du Vent Froid durant la convalescence et le post-partum,Aucklandia lappa,木香,2
aversion pour le vent et les courants d’air,Astragalus membranaceus,黄芪,10
aversion pour le vent et les courants d’air,Panax ginseng,人参,10
aversion pour le vent et les courants d’air,Angelica sinensis,当归,7
aversion pour le vent et les courants d’air,Atractylodes macrocephala,白术,7
aversion pour le vent et les courants d’air,Glycyrrhiza uralensis,甘草,7
aversion pour le vent et les courants d’air,Dimocarpus longan,龙眼肉,4
aversion pour le vent et les courants d’air,Polygala tenuifolia,远志,4
aversion pour le vent et les courants d’air,Poria cocos,茯苓,4
aversion pour le vent et les courants d’air,Ziziphus jujuba,酸枣仁,4
aversion pour le vent et les courants d’air,Aucklandia lappa,木香,2
aversion pour l’humidité,Paeonia suffruticosa,牡丹皮,10
aversion pour l’humidité,Atractylodes macrocephala,白术,7
aversion pour l’humidité,Coix lacryma-jobi,薏苡仁,4
aversion pour l’humidité,Achyranthes bidentata,牛膝,2
avortement répété,Angelica sinensis,当归,10
avortement répété,Lycium chinensis,枸杞子,10
avortement répété,Morus alba,桑葚,10
avortement répété,Panax ginseng,人参,10
avortement répété,Atractylodes macrocephala,白术,7
avortement répété,Carthamus tinctorius,红花,7
avortement répété,Paeonia lactiflora,白芍,7
avortement répété,Poria cocos,茯苓,7
avortement répété,Ligusticum wallichii,川芎,4
avortement répété,Glycyrrhiza uralensis,甘草,2
avortement répété,Laminaria japonica,昆布,2
baisse de l’acuité visuelle,Angelica sinensis,当归,10
baisse de l’acuité visuelle,Ligusticum wallichii,川芎,4
baisse de l’acuité visuelle,Paeonia lactiflora,白芍,4
ballonnements,Panax ginseng,人参,17
ballonnements,Atractylodes macrocephala,白术,14
ballonnements,Astragalus membranaceus,黄芪,10
ballonnements,Glycyrrhiza uralensis,甘草,9
ballonnements,Angelica sinensis,当归,4
ballonnements,Coptis chinensis,黄连,4
ballonnements,Poria cocos,茯苓,4
ballonnements,Bupleurum chinense,柴胡,2
ballonnements,Zingiber officinale,生姜,2
beng Lou (ou métrorragies internes et métrorragies gouttes à gouttes),Angelica sinensis,当归,17
beng Lou (ou métrorragies internes et métrorragies gouttes à gouttes),Paeonia lactiflora,白芍,11
beng Lou (ou métrorragies internes et métrorragies gouttes à gouttes),Cinnamomum cassia,肉桂,10
beng Lou (ou métrorragies internes et métrorragies gouttes à gouttes),Rehmannia glutinosa,地黄,10
beng Lou (ou métrorragies internes et métrorragies gouttes à gouttes),Paeonia suffruticosa,牡丹皮,7
beng Lou (ou métrorragies internes et métrorragies gouttes à gouttes),Ligusticum wallichii,川芎,4
beng Lou (ou métrorragies internes et métrorragies gouttes à gouttes),Ophiopogon japonicus,麦冬,4
beng Lou (ou métrorragies internes et métrorragies gouttes à gouttes),Panax ginseng,人参,4
beng Lou (ou métrorragies internes et métrorragies gouttes à gouttes),Scutellaria baicalensis,黄芩,4
beng Lou (ou métrorragies internes et métrorragies gouttes à gouttes),Glycyrrhiza uralensis,甘草,2
besoin de chaleur,Atractylodes macrocephala,白术,14
besoin de chaleur,Panax ginseng,人参,14
besoin de chaleur,Angelica sinensis,当归,11
besoin de chaleur,Astragalus membranaceus,黄芪,10
besoin de chaleur,Eucommia ulmoides,杜仲,10
besoin de chaleur,Glycyrrhiza uralensis,甘草,9
besoin de chaleur,Poria cocos,茯苓,8
besoin de chaleur,Achyranthes bidentata,牛膝,7
besoin de chaleur,Cinnamomum cassia,肉桂,4
besoin de chaleur,Dimocarpus longan,龙眼肉,4
besoin de chaleur,Ligusticum wallichii,川芎,4
besoin de chaleur,Paeonia lactiflora,白芍,4
besoin de chaleur,Polygala tenuifolia,远志,4
besoin de chaleur,Ziziphus jujuba,酸枣仁,4
besoin de chaleur,Aucklandia lappa,木香,2
bi douloureux dû au Vent Humidité et au Froid avec Vide du Foie et des Reins,Atractylodes macrocephala,白术,14
bi douloureux dû au Vent Humidité et au Froid avec Vide du Foie et des Reins,Eucommia ulmoides,杜仲,10
bi douloureux dû au Vent Humidité et au Froid avec Vide du Foie et des Reins,Paeonia suffruticosa,牡丹皮,10
bi douloureux dû au Vent Humidité et au Froid avec Vide du Foie et des Reins,Achyranthes bidentata,牛膝,9
bi douloureux dû au Vent Humidité et au Froid avec Vide du Foie et des Reins,Angelica sinensis,当归,4
bi douloureux dû au Vent Humidité et au Froid avec Vide du Foie et des Reins,Cinnamomum cassia,肉桂,4
bi douloureux dû au Vent Humidité et au Froid avec Vide du Foie et des Reins,Coix lacryma-jobi,薏苡仁,4
bi douloureux dû au Vent Humidité et au Froid avec Vide du Foie et des Reins,Ligusticum wallichii,川芎,4
bi douloureux dû au Vent Humidité et au Froid avec Vide du Foie et des Reins,Paeonia lactiflora,白芍,4
bi douloureux dû au Vent Humidité et au Froid avec Vide du Foie et des Reins,Panax ginseng,人参,4
bi douloureux dû au Vent Humidité et au Froid avec Vide du Foie et des Reins,Poria cocos,茯苓,4
bi douloureux dû au Vent Humidité et au Froid avec Vide du Foie et des Reins,Glycyrrhiza uralensis,甘草,2
